USE DB_LEBITS;

-- ============================
-- PLANOS (3)
-- ============================
INSERT INTO T_LBS_PLANOS (cd_planos, nm_plano, ds_plano) VALUES
(1, 'Visitante Gratuito', 'Só pode publicar livros'),
(2, 'Assinatura Mensal', 'Acesso total ao catálogo e recursos avançados'),
(3, 'Assinatura Anual', 'Mesmo acesso do mensal, porém mais barato');

-- ============================
-- NÍVEIS (5)
-- ============================
INSERT INTO T_LBS_NIVEL (cd_nivel, nr_pontos_max) VALUES
(1, 100),
(2, 300),
(3, 600),
(4, 1000),
(5, 2000);

-- ============================
-- DISTRIBUIDORES (52)
-- ============================
INSERT INTO T_LBS_DISTRIBUIDOR (cd_distribuidor, nm_distribuidor, cd_cnpj) VALUES
(1, 'Editora Rocco', '12345678000101'),
(2, 'Editora Intrínseca', '98765432000199'),
(3, 'Companhia das Letras', '11122233000155'),
(4, 'HarperCollins Brasil', '33344455000122'),
(5, 'Editora Record', '55566677000188'),
(6, 'Editora Globo', '10293847000166'),
(7, 'DarkSide Books', '56473829000140'),
(8, 'Galera Record', '90817263000177'),
(9, 'Ponto Editora', '83746591000133'),
(10, 'Editora Arqueiro', '66554433000112'),
(11, 'Suma Editora', '55779988000199'),
(12, 'Editora Aleph', '22446688000155'),
(13, 'Editora Melhoramentos', '98732145000177'),
(14, 'Editora Moderna', '72534411000102'),
(15, 'Planeta Livros', '81927364000122'),
(16, 'Editora Sextante', '10293856000111'),
(17, 'Saraiva Educação', '99887766000140'),
(18, 'Panda Books', '55443322000155'),
(19, 'Ciranda Cultural', '33221144000176'),
(20, 'L&PM Editores', '70918234500133'),
(21, 'Editora Vozes', '66778899000110'),
(22, 'Editora Autêntica', '55664433000119'),
(23, 'Editora Pensamento', '88552233000106'),
(24, 'Editora Cortez', '44332211000188'),
(25, 'Editora FTD', '77889922000144'),
(26, 'Editora Manole', '11223355000166'),
(27, 'Novo Século', '99881122000177'),
(28, 'Nova Fronteira', '22334455000112'),
(29, 'Editora Zahar', '33445566000180'),
(30, 'Editora Objetiva', '11002233000143'),
(31, 'Editora Alfaguara', '44556677000155'),
(32, 'Editora Leya', '55667788000122'),
(33, 'Editora Unesp', '77885544000199'),
(34, 'Ed. Unicamp', '88776655000104'),
(35, 'Editora Voz', '11229944000137'),
(36, 'Ed. Brasileira', '33114422000175'),
(37, 'Ed. Tecnopress', '74382910000164'),
(38, 'Ed. Cultura Viva', '62837194000158'),
(39, 'Ed. Horizonte', '82910476000122'),
(40, 'Ed. Lumina', '51728394000133'),
(41, 'Ed. Literarte', '49017623000199'),
(42, 'Ed. Solaris', '81726345000110'),
(43, 'Ed. Boreal', '92037461000177'),
(44, 'Ed. Atlântica', '73829164000144'),
(45, 'Ed. Caravelas', '61528374000120'),
(46, 'Ed. Constelação', '55382910000166'),
(47, 'Ed. Prisma', '46172839000111'),
(48, 'Ed. Horizonte Azul', '30927184000188'),
(49, 'Ed. Aurora', '57382910000155'),
(50, 'Ed. LivroFácil', '99283710000133'),
(51, 'Ed. Saber+', '88273645000177'),
(52, 'Ed. Mundo Novo', '72635498000144');

-- ============================
-- ESTILOS (10)
-- ============================
INSERT INTO T_LBS_ESTILOS (cd_estilo, nm_estilo) VALUES
(1, 'Fantasia'),
(2, 'Ficção Científica'),
(3, 'Romance'),
(4, 'Drama'),
(5, 'Terror'),
(6, 'Mistério'),
(7, 'Biografia'),
(8, 'Autoajuda'),
(9, 'Clássico'),
(10, 'Aventura');

-- ============================
-- ATIVIDADES (10)
-- ============================
INSERT INTO T_LBS_ATIVIDADE (cd_atividade, nm_atividade, ds_atividade, nr_pontos) VALUES
(1, 'Leitura diária', 'Ler por 30 minutos', 10),
(2, 'Livro finalizado', 'Completar a leitura de um livro', 50),
(3, 'Primeiro login', 'Entrar no sistema pela primeira vez', 20),
(4, 'Compartilhar leitura', 'Compartilhar um livro com outro usuário', 15),
(5, 'Comentar livro', 'Escrever um comentário sobre um livro', 5),
(6, 'Avaliar livro', 'Dar uma nota ao livro', 10),
(7, 'Adicionar favorito', 'Marcar livro como favorito', 5),
(8, 'Completar meta semanal', 'Cumprir a meta de leitura da semana', 30),
(9, 'Ler novo gênero', 'Ler um livro de gênero novo', 25),
(10, 'Concluir coleção', 'Ler todos os livros de uma série', 80);

-- =============
-- NÍVEL x ATIVIDADE (20)
-- =============
INSERT INTO T_NIVEL_ATIVIDADE (cd_nivel, cd_atividade) VALUES
(1,1),(1,3),(1,7),(1,5),(2,2),
(2,4),(2,6),(2,8),(3,5),(3,6),
(3,9),(3,1),(4,8),(4,10),(4,2),
(5,9),(5,10),(5,4),(2,7),(3,2);

INSERT INTO T_LBS_USUARIO (cd_usuario, cd_planos, cd_nivel, nr_pontos_atuais, nm_usuario, ds_email) VALUES 
(1,1,1,12,'Ana Souza','ana.souza@lebits.com'),
(2,2,1,45,'Joao Lima','joao.lima@lebits.com'),
(3,3,2,300,'Carla Dias','carla.dias@lebits.com'),
(4,1,2,210,'Pedro Silva','pedro.silva@lebits.com'),
(5,2,3,560,'Luana Reis','luana.reis@lebits.com'),
(6,1,1,30,'Igor Moraes','igor.moraes@lebits.com'),
(7,3,4,900,'Lia Santos','lia.santos@lebits.com'),
(8,2,2,150,'Raul Pinto','raul.pinto@lebits.com'),
(9,1,1,10,'Tati Lopes','tati.lopes@lebits.com'),
(10,2,3,400,'Leo Braga','leo.braga@lebits.com'),
(11,1,1,5,'Eva Ramos','eva.ramos@lebits.com'),
(12,3,5,1700,'Nilo Serra','nilo.serra@lebits.com'),
(13,2,4,1100,'Vini Salles','vini.salles@lebits.com'),
(14,1,2,90,'Dani Gouvea','dani.gouvea@lebits.com'),
(15,2,3,350,'Caio Matos','caio.matos@lebits.com'),
(16,3,4,800,'Re Nunes','re.nunes@lebits.com'),
(17,1,1,25,'Bia Prado','bia.prado@lebits.com'),
(18,2,2,60,'Luan Costa','luan.costa@lebits.com'),
(19,3,5,1300,'Duda Farias','duda.farias@lebits.com'),
(20,1,3,420,'Erik Melo','erik.melo@lebits.com'),
(21,2,1,7,'Sara Teles','sara.teles@lebits.com'),
(22,1,2,85,'Rui Bastos','rui.bastos@lebits.com'),
(23,3,4,760,'Lia Moret','lia.moret@lebits.com'),
(25,1,2,95,'Nina Prado','nina.prado@lebits.com'),
(26,2,1,40,'Dira Reis','dira.reis@lebits.com'),
(24,2,3,310,'Samuel Luz','samuel.luz@lebits.com'),
(27,3,3,500,'Teo Cunha','teo.cunha@lebits.com'),
(28,1,2,120,'Lara Siqueira','lara.siqueira@lebits.com'),
(29,2,4,820,'Hugo Antas','hugo.antas@lebits.com'),
(30,3,5,1600,'Nara Pires','nara.pires@lebits.com'),
(31,1,1,2,'Jonatas Luz','jonatas.luz@lebits.com'),
(32,2,2,75,'Lili Rocha','lili.rocha@lebits.com'),
(33,3,3,360,'Ravi Gomes','ravi.gomes@lebits.com'),
(34,1,2,130,'Bruna Lins','bruna.lins@lebits.com'),
(35,2,4,950,'Davi Matos','davi.matos@lebits.com'),
(36,1,1,18,'Vitor Leme','vitor.leme@lebits.com'),
(37,2,2,68,'Nai Viana','nai.viana@lebits.com'),
(38,3,3,480,'Yuri Prado','yuri.prado@lebits.com'),
(39,1,1,9,'Eva Salles','eva.salles@lebits.com'),
(40,2,4,870,'Iago Serra','iago.serra@lebits.com'),
(41,1,2,140,'Nati Lopes','nati.lopes@lebits.com'),
(42,3,3,390,'Tito Braga','tito.braga@lebits.com'),
(43,2,1,20,'Mila Dias','mila.dias@lebits.com'),
(44,1,2,110,'Fred Araujo','fred.araujo@lebits.com'),
(45,3,4,980,'Duda Souza','duda.souza@lebits.com'),
(46,2,3,330,'Theo Naves','theo.naves@lebits.com'),
(47,1,1,15,'Cami Lima','cami.lima@lebits.com'),
(48,3,2,72,'Leco Cunha','leco.cunha@lebits.com'),
(49,2,4,840,'Mara Nobre','mara.nobre@lebits.com'),
(50,1,5,1750,'Joao Pires','joao.pires@lebits.com'),
(51,2,3,320,'Ina Lemos','ina.lemos@lebits.com'),
(52,1,1,11,'Yuri Sena','yuri.sena@lebits.com'),
(53,3,2,95,'Tati Lima','tati.lima@lebits.com'),
(54,2,4,880,'Raul Neri','raul.neri@lebits.com'),
(55,1,3,410,'Cami Reis','cami.reis@lebits.com'),
(56,2,2,60,'Lira Costa','lira.costa@lebits.com'),
(57,3,4,920,'Igor Lemos','igor.lemos@lebits.com'),
(58,1,1,8,'Eva Leite','eva.leite@lebits.com'),
(59,2,3,370,'Caio Dias','caio.dias@lebits.com'),
(60,3,5,1500,'Teo Sa','teo.sa@lebits.com'),
(61,1,2,125,'Ina Sa','ina.sa@lebits.com'),
(62,2,3,345,'Leo Costa','leo.costa@lebits.com'),
(63,3,4,940,'Mira Reis','mira.reis@lebits.com'),
(64,1,1,14,'Nara Luz','nara.luz@lebits.com'),
(65,2,2,78,'Davi Lopes','davi.lopes@lebits.com'),
(66,3,3,455,'Yuri Dias','yuri.dias@lebits.com'),
(67,1,2,115,'Lila Melo','lila.melo@lebits.com'),
(68,2,4,860,'Vito Prado','vito.prado@lebits.com'),
(69,3,5,1705,'Lara Dias','lara.dias@lebits.com'),
(70,1,3,430,'Hugo Reis','hugo.reis@lebits.com'),
(71,2,1,6,'Bia Alves','bia.alves@lebits.com'),
(72,3,2,88,'Luan Dias','luan.dias@lebits.com'),
(73,1,3,305,'Dani Melo','dani.melo@lebits.com'),
(74,2,4,990,'Teo Prado','teo.prado@lebits.com'),
(75,3,5,1800,'Ana Neri','ana.neri@lebits.com'),
(76,1,2,102,'Lili Sa','lili.sa@lebits.com'),
(77,2,3,360,'Ravi Lima','ravi.lima@lebits.com'),
(78,3,4,930,'Evi Gomes','evi.gomes@lebits.com'),
(79,1,1,16,'Cami Ney','cami.ney@lebits.com'),
(80,2,3,340,'Joao Antas','joao.antas@lebits.com'),
(81,3,2,99,'Mira Siqueira','mira.siqueira@lebits.com'),
(82,1,4,890,'Vini Leite','vini.leite@lebits.com'),
(83,2,5,1550,'Lara Costa','lara.costa@lebits.com'),
(84,3,3,315,'Re Pires','re.pires@lebits.com'),
(85,1,2,105,'Hugo Luz','hugo.luz@lebits.com'),
(86,2,1,13,'Yuri Leme','yuri.leme@lebits.com'),
(87,3,4,960,'Bia Nobre','bia.nobre@lebits.com'),
(88,1,3,380,'Caio Leite','caio.leite@lebits.com'),
(89,2,2,92,'Duba Sena','duba.sena@lebits.com'),
(90,3,5,1650,'Nara Sa','nara.sa@lebits.com'),
(91,1,1,4,'Leo Sa','leo.sa@lebits.com'),
(92,2,3,355,'Mila Teles','mila.teles@lebits.com'),
(93,3,2,82,'Igor Luz','igor.luz@lebits.com'),
(94,1,4,925,'Ana Melo','ana.melo@lebits.com'),
(95,2,3,330,'Vini Dias','vini.dias@lebits.com'),
(96,3,5,1720,'Lara Luz','lara.luz@lebits.com'),
(97,1,2,118,'Bia Plado','bia.prado2@lebits.com'),
(98,2,1,19,'Dani Leite','dani.leite@lebits.com'),
(99,3,4,970,'Hugo Alves','hugo.alves@lebits.com'),
(100,1,3,405,'Ana Dias','ana.dias@lebits.com');


-- =============
-- LIVROS (100)
-- =============
INSERT INTO T_LBS_LIVRO (
    cd_livro, cd_distribuidor, nm_livro, nm_editora, nm_autor,
    ds_livro, dt_lancamento, vr_nota, tp_livro, rp_livro
) VALUES
(1,1,'Harry Potter e a Pedra Filosofal','Rocco','J.K. Rowling',
 'Primeiro volume da saga de Harry Potter.','26/06/1997',4.9,'C','#'),
(2,1,'Harry Potter e a Câmara Secreta','Rocco','J.K. Rowling',
 'Segundo volume da saga de Harry Potter.','02/07/1998',4.8,'C','#'),
(3,3,'Dom Casmurro','Companhia das Letras','Machado de Assis',
 'Clássico da literatura brasileira.','01/01/1899',4.5,'C','#'),
(4,4,'O Senhor dos Anéis: A Sociedade do Anel','HarperCollins','J.R.R. Tolkien',
 'Primeiro volume da trilogia.','29/07/1954',4.9,'C','#'),
(5,2,'A Culpa é das Estrelas','Intrínseca','John Green',
 'Romance jovem sobre amor.','10/01/2012',4.7,'C','#'),
(6,2,'Quem é Você, Alasca?','Intrínseca','John Green',
 'Romance de amadurecimento.','03/03/2005',4.6,'C','#'),
(7,5,'1984','Companhia das Letras','George Orwell',
 'Distopia clássica sobre vigilância.','08/06/1949',4.8,'C','#'),
(8,5,'A Revolução dos Bichos','Companhia das Letras','George Orwell',
 'Fábula política satírica.','17/08/1945',4.7,'C','#'),
(9,4,'O Hobbit','HarperCollins','J.R.R. Tolkien',
 'A aventura de Bilbo Bolseiro.','21/09/1937',4.8,'C','#'),
(10,3,'Memórias Póstumas de Brás Cubas','Companhia das Letras','Machado de Assis',
 'Narrativa inovadora e irônica.','01/01/1881',4.6,'C','#'),
(11,6,'Percy Jackson e o Ladrão de Raios','Intrínseca','Rick Riordan',
 'Primeiro livro da série Percy Jackson.','28/06/2005',4.6,'C','#'),
(12,6,'Percy Jackson e o Mar de Monstros','Intrínseca','Rick Riordan',
 'Segundo livro da série Percy Jackson.','01/04/2006',4.5,'C','#'),
(13,7,'O Pequeno Príncipe','Agir','Antoine de Saint-Exupéry',
 'Clássico filosófico.','06/04/1943',4.9,'C','#'),
(14,3,'Quincas Borba','Companhia das Letras','Machado de Assis',
 'Romance sobre a filosofia do Humanitismo.','01/01/1891',4.4,'C','#'),
(15,8,'Orgulho e Preconceito','Martin Claret','Jane Austen',
 'Clássico romance inglês.','28/01/1813',4.8,'C','#'),
(16,8,'Emma','Martin Claret','Jane Austen',
 'Romance sobre relacionamentos e autoconhecimento.','23/12/1815',4.6,'C','#'),
(17,9,'It: A Coisa','Suma','Stephen King',
 'Terror sobre entidade maléfica.','15/09/1986',4.7,'C','#'),
(18,9,'O Iluminado','Suma','Stephen King',
 'Terror psicológico emblemático.','28/01/1977',4.8,'C','#'),
(19,10,'Drácula','DarkSide','Bram Stoker',
 'Clássico do horror gótico.','26/05/1897',4.7,'C','#'),
(20,10,'Frankenstein','DarkSide','Mary Shelley',
 'Romance pioneiro da ficção científica.','01/01/1818',4.8,'C','#'),
 (21,11,'Moby Dick','Penguin','Herman Melville',
 'A caça obsessiva ao grande cachalote.','18/10/1851',4.3,'C','#'),
(22,11,'As Aventuras de Tom Sawyer','Penguin','Mark Twain',
 'Aventuras de um garoto travesso no Mississippi.','01/01/1876',4.4,'C','#'),
(23,12,'O Código Da Vinci','Arqueiro','Dan Brown',
 'Thriller de conspiração envolvendo simbologia.','18/03/2003',4.6,'C','#'),
(24,12,'Anjos e Demônios','Arqueiro','Dan Brown',
 'Suspense sobre ciência e religião.','01/05/2000',4.5,'C','#'),
(25,13,'A Menina que Roubava Livros','Intrínseca','Markus Zusak',
 'Narrado pela morte, acompanha Liesel durante a guerra.','01/03/2005',4.8,'C','#'),
(26,14,'O Alquimista','HarperCollins','Paulo Coelho',
 'Jornada espiritual em busca do propósito.','01/01/1988',4.4,'C','#'),
(27,14,'Brida','HarperCollins','Paulo Coelho',
 'História sobre magia e autoconhecimento.','01/01/1990',4.2,'C','#'),
(28,15,'As Crônicas de Nárnia: O Leão, a Feiticeira e o Guarda-Roupa','HarperCollins','C.S. Lewis',
 'Fantasia clássica com crianças viajando a Nárnia.','16/10/1950',4.8,'C','#'),
(29,15,'As Crônicas de Nárnia: Príncipe Caspian','HarperCollins','C.S. Lewis',
 'A volta a Nárnia para restaurar a paz.','15/10/1951',4.6,'C','#'),
(30,16,'O Morro dos Ventos Uivantes','Martin Claret','Emily Brontë',
 'Romance gótico intenso e trágico.','01/12/1847',4.7,'C','#'),
(31,17,'O Conde de Monte Cristo','Principis','Alexandre Dumas',
 'História de vingança e justiça.','28/08/1844',4.9,'C','#'),
(32,17,'Os Três Mosqueteiros','Principis','Alexandre Dumas',
 'Aventuras de d’Artagnan e os três mosqueteiros.','01/01/1844',4.8,'C','#'),
(33,18,'Sherlock Holmes: Um Estudo em Vermelho','Zahar','Arthur Conan Doyle',
 'Primeira aparição de Sherlock Holmes.','01/11/1887',4.7,'C','#'),
(34,18,'O Cão dos Baskervilles','Zahar','Arthur Conan Doyle',
 'Caso mais famoso de Sherlock Holmes.','01/04/1902',4.8,'C','#'),
(35,19,'O Retrato de Dorian Gray','Penguin','Oscar Wilde',
 'Jovem que mantém a juventude enquanto seu retrato envelhece.','01/07/1890',4.7,'C','#'),
(36,20,'A Metamorfose','Penguin','Franz Kafka',
 'Homem acorda transformado em inseto.','01/01/1915',4.6,'C','#'),
(37,20,'O Processo','Penguin','Franz Kafka',
 'Kafka explora a burocracia e a angústia humana.','01/01/1925',4.5,'C','#'),
(38,21,'A Odisséia','Companhia das Letras','Homero',
 'Jornada de Odisseu após a Guerra de Troia.','01/01/0800',4.8,'C','#'),
(39,21,'A Ilíada','Companhia das Letras','Homero',
 'Poema épico sobre a Guerra de Troia.','01/01/0750',4.7,'C','#'),
(40,22,'O Sol é Para Todos','HarperCollins','Harper Lee',
 'Romance sobre justiça e racismo no sul dos EUA.','11/07/1960',4.9,'C','#'),
 (41,22,'Admirável Mundo Novo','Biblioteca Azul','Aldous Huxley',
 'Distopia sobre controle social e tecnologia.','01/01/1932',4.7,'C','#'),
(42,23,'O Velho e o Mar','Planeta','Ernest Hemingway',
 'A luta de um pescador contra um grande peixe.','01/09/1952',4.5,'C','#'),
(43,23,'Por Quem os Sinos Dobram','Planeta','Ernest Hemingway',
 'Romance situado na Guerra Civil Espanhola.','01/01/1940',4.4,'C','#'),
(44,24,'Cem Anos de Solidão','Record','Gabriel García Márquez',
 'Realismo mágico em Macondo.','05/06/1967',4.9,'C','#'),
(45,24,'O Amor nos Tempos do Cólera','Record','Gabriel García Márquez',
 'Romance sobre amor eterno e obsessão.','05/10/1985',4.8,'C','#'),
(46,25,'O Apanhador no Campo de Centeio','Little, Brown','J.D. Salinger',
 'Rebeldia e transição para a vida adulta.','16/07/1951',4.4,'C','#'),
(47,26,'A Divina Comédia','Penguin','Dante Alighieri',
 'Viagem alegórica pelo Inferno, Purgatório e Paraíso.','01/01/1320',4.9,'C','#'),
(48,27,'Hamlet','Penguin','William Shakespeare',
 'Tragédia sobre vingança e loucura.','01/01/1603',4.8,'C','#'),
(49,27,'Macbeth','Penguin','William Shakespeare',
 'Ambição, destino e tragédia.','01/01/1606',4.7,'C','#'),
(50,27,'Romeu e Julieta','Penguin','William Shakespeare',
 'Romance trágico entre duas famílias rivais.','01/01/1597',4.8,'C','#'),
(51,28,'O Médico e o Monstro','Zahar','R.L. Stevenson',
 'Dualidade humana através de Jekyll e Hyde.','05/01/1886',4.6,'C','#'),
(52,28,'A Ilha do Tesouro','Zahar','R.L. Stevenson',
 'Clássica aventura pirata.','01/01/1883',4.7,'C','#'),
(53,29,'Guerra e Paz','Principis','Liev Tolstói',
 'Narrativa épica sobre a Rússia napoleônica.','01/01/1869',4.9,'C','#'),
(54,29,'Anna Kariênina','Principis','Liev Tolstói',
 'Romance sobre paixão e sociedade.','01/01/1877',4.8,'C','#'),
(55,30,'Crime e Castigo','Principis','Fiódor Dostoiévski',
 'Explora moralidade e culpa.','01/01/1866',4.8,'C','#'),
(56,30,'Os Irmãos Karamázov','Principis','Fiódor Dostoiévski',
 'Discussões filosóficas profundas.','01/01/1880',4.9,'C','#'),
(57,31,'A Náusea','Companhia das Letras','Jean-Paul Sartre',
 'Marco do existencialismo literário.','01/01/1938',4.3,'C','#'),
(58,31,'O Muro','Companhia das Letras','Jean-Paul Sartre',
 'Contos existencialistas.','01/01/1939',4.2,'C','#'),
(59,32,'O Estrangeiro','Record','Albert Camus',
 'Absurdo e indiferença humana.','01/01/1942',4.7,'C','#'),
(60,32,'A Peste','Record','Albert Camus',
 'Uma cidade sitiada por uma epidemia.','01/01/1947',4.6,'C','#'),
 (61,33,'O Pequeno Príncipe','HarperCollins','Antoine de Saint-Exupéry',
 'Poética reflexão sobre amizade e essência da vida.','06/04/1943',4.9,'C','#'),
(62,33,'Voo Noturno','HarperCollins','Antoine de Saint-Exupéry',
 'Romance sobre aviação e coragem.','01/01/1931',4.4,'C','#'),
(63,34,'O Processo','Companhia das Letras','Franz Kafka',
 'Um homem acusado sem saber o motivo.','01/01/1925',4.6,'C','#'),
(64,34,'A Metamorfose','Companhia das Letras','Franz Kafka',
 'Um caixeiro acorda transformado em inseto.','01/01/1915',4.7,'C','#'),
(65,35,'O Nome da Rosa','Record','Umberto Eco',
 'Mistério medieval envolvendo monges.','01/01/1980',4.8,'C','#'),
(66,35,'O Pêndulo de Foucault','Record','Umberto Eco',
 'Conspirações e sociedades secretas.','01/01/1988',4.4,'C','#'),
(67,36,'Moby Dick','Principis','Herman Melville',
 'A busca obsessiva por uma baleia branca.','18/10/1851',4.4,'C','#'),
(68,36,'Bartleby, o Escriturário','Principis','Herman Melville',
 'A história do famoso “preferiria não fazê-lo”.','01/01/1853',4.2,'C','#'),
(69,37,'O Sol é Para Todos','José Olympio','Harper Lee',
 'Drama sobre injustiça racial.','11/07/1960',4.9,'C','#'),
(70,37,'Vá, Coloque um Vigia','José Olympio','Harper Lee',
 'Continuação de O Sol é Para Todos.','14/07/2015',4.0,'C','#'),
(71,38,'1984','Companhia das Letras','George Orwell',
 'Distopia sobre vigilância e totalitarismo.','08/06/1949',4.8,'C','#'),
(72,38,'A Revolução dos Bichos','Companhia das Letras','George Orwell',
 'Sátira política com animais de fazenda.','17/08/1945',4.7,'C','#'),
(73,39,'Drácula','Principis','Bram Stoker',
 'O clássico romance de vampiros.','26/05/1897',4.7,'C','#'),
(74,39,'A Joia das Sete Estrelas','Principis','Bram Stoker',
 'Terror envolvendo relíquias egípcias.','01/01/1903',4.1,'C','#'),
(75,40,'Frankenstein','DarkSide','Mary Shelley',
 'Criatura artificial que busca aceitação.','01/01/1818',4.8,'C','#'),
(76,40,'O Último Homem','DarkSide','Mary Shelley',
 'Visão apocalíptica de um mundo devastado.','01/01/1826',4.2,'C','#'),
(77,41,'O Hobbit','HarperCollins','J.R.R. Tolkien',
 'A aventura de Bilbo Bolseiro até a Montanha Solitária.','21/09/1937',4.9,'C','#'),
(78,41,'Silmarillion','HarperCollins','J.R.R. Tolkien',
 'Mitologia da Terra-média.','15/09/1977',4.7,'C','#'),
(79,42,'O Conde de Monte Cristo','Martin Claret','Alexandre Dumas',
 'Vingança e redenção em uma narrativa épica.','01/01/1844',4.9,'C','#'),
(80,42,'Os Três Mosqueteiros','Martin Claret','Alexandre Dumas',
 'Clássico de capa e espada.','01/01/1844',4.8,'C','#'),
 (81,43,'O Morro dos Ventos Uivantes','Penguin','Emily Brontë',
 'Romance gótico sobre amor e obsessão.','01/12/1847',4.7,'C','#'),
(82,43,'Agnes Grey','Penguin','Anne Brontë',
 'Romance sobre desafios da vida como governanta.','01/01/1847',4.3,'C','#'),
(83,44,'Jane Eyre','Principis','Charlotte Brontë',
 'Clássico sobre independência e amor.','16/10/1847',4.8,'C','#'),
(84,44,'Shirley','Principis','Charlotte Brontë',
 'Drama envolvendo a sociedade industrial.','01/01/1849',4.1,'C','#'),
(85,45,'O Retrato de Dorian Gray','Martin Claret','Oscar Wilde',
 'Um homem que nunca envelhece, mas seu retrato sim.','01/01/1890',4.7,'C','#'),
(86,45,'A Importância de Ser Prudente','Martin Claret','Oscar Wilde',
 'Comédia sobre identidades trocadas.','01/01/1895',4.5,'C','#'),
(87,46,'O Lobo da Estepe','Record','Hermann Hesse',
 'Conflito interno entre razão e emoção.','01/01/1927',4.6,'C','#'),
(88,46,'Sidarta','Record','Hermann Hesse',
 'Jornada espiritual em busca de iluminação.','01/01/1922',4.7,'C','#'),
(89,47,'Os Miseráveis','Martin Claret','Victor Hugo',
 'Drama épico sobre justiça, amor e redenção.','01/01/1862',4.9,'C','#'),
(90,47,'O Corcunda de Notre-Dame','Martin Claret','Victor Hugo',
 'Tragédia na catedral de Paris.','01/01/1831',4.7,'C','#'),
(91,48,'O Jardim Secreto','Zahar','Frances Hodgson Burnett',
 'Jovens descobrem um jardim transformador.','01/01/1911',4.6,'C','#'),
(92,48,'Uma Princesinha','Zahar','Frances Hodgson Burnett',
 'Força e imaginação em tempos difíceis.','01/01/1905',4.5,'C','#'),
(93,49,'O Senhor das Moscas','Alfaguara','William Golding',
 'Garotos isolados criam uma sociedade violenta.','17/09/1954',4.4,'C','#'),
(94,49,'Os Herdeiros','Alfaguara','William Golding',
 'Explora evolução e comportamento humano.','01/01/1955',4.1,'C','#'),
(95,50,'As Crônicas de Nárnia','HarperCollins','C.S. Lewis',
 'Fantasia clássica com temas espirituais.','16/10/1950',4.8,'C','#'),
(96,50,'Cartas de um Diabo a seu Aprendiz','HarperCollins','C.S. Lewis',
 'Correspondências satíricas entre demônios.','01/01/1942',4.6,'C','#'),
(97,51,'O Quarteto de Alexandria','Companhia das Letras','Lawrence Durrell',
 'Intrigas e relações complexas no Egito.','01/01/1957',4.3,'C','#'),
(98,51,'Justine','Companhia das Letras','Lawrence Durrell',
 'Volume inicial do Quarteto de Alexandria.','01/01/1957',4.2,'C','#'),
(99,52,'A Letra Escarlate','Principis','Nathaniel Hawthorne',
 'Drama sobre moral, pecado e punição.','01/03/1850',4.4,'C','#'),
(100,52,'A Casa das Sete Torres','Principis','Nathaniel Hawthorne',
 'Romance gótico sobre culpa e legado familiar.','01/01/1851',4.1,'C','#');


-- =============
-- ESTILOS_LIVRO (100) — associando cada livro a um gênero (1..10)
-- =============
INSERT INTO T_ESTILOS_LIVRO (cd_estilo, cd_livro) VALUES
(1,1),(1,2),(9,3),(10,4),(3,5),
(9,6),(9,7),(2,8),(10,9),(1,10),
(9,11),(4,12),(1,13),(6,14),(8,15),
(7,16),(2,17),(2,18),(3,19),(4,20),
(4,21),(6,22),(4,23),(3,24),(1,25),
(6,26),(1,27),(9,28),(4,29),(1,30),
(5,31),(5,32),(5,33),(5,34),(4,35),
(9,36),(9,37),(9,38),(4,39),(4,40),
(3,41),(6,42),(8,43),(9,44),(1,45),
(7,46),(8,47),(9,48),(10,49),(6,50),
(6,51),(9,52),(8,53),(3,54),(9,55),
(3,56),(1,57),(8,58),(10,59),(6,60),
(8,61),(3,62),(9,63),(9,64),(6,65),
(10,66),(6,67),(6,68),(9,69),(1,70),
(7,71),(1,72),(9,73),(1,74),(8,75),
(2,76),(4,77),(1,78),(9,79),(4,80),
(1,81),(1,82),(5,83),(2,84),(7,85),
(9,86),(10,87),(2,88),(2,89),(3,90),
(9,91),(9,92),(4,93),(9,94),(8,95),
(8,96),(1,97),(8,98),(1,99),(4,100);

-- =============
-- PERSONALIZAÇÃO (100)
-- =============
INSERT INTO T_LBS_PERSONALIZACAO_LIVRO
(cd_personalizacao, cd_usuario, nm_fonte, vl_luminosidade, nr_texto_hexadecimal, vl_tamanho, nr_fundo_hexadecimal, tp_contorno, nr_hexadecimal_contorno, tp_modo)
VALUES
(1,1,'Arial',80,'000000',18,'FFFFFF',0,'000000','P'),
(2,2,'Times New Roman',70,'111111',16,'FFFFF0',1,'222222','C'),
(3,3,'Calibri',60,'222222',20,'000000',0,'111111','E'),
(4,4,'Verdana',85,'333333',17,'FAFAFA',1,'333333','P'),
(5,5,'Georgia',50,'444444',19,'FFFFFF',0,'444444','C'),
(6,6,'Arial',90,'000000',18,'FFFFFF',0,'000000','P'),
(7,7,'Tahoma',40,'555555',15,'F0F0F0',1,'555555','E'),
(8,8,'Helvetica',75,'666666',21,'000000',0,'666666','P'),
(9,9,'Courier New',30,'777777',14,'FFFFFF',1,'777777','C'),
(10,10,'Palatino',65,'888888',20,'FFFFF0',0,'888888','P'),
(11,11,'Arial',80,'000000',18,'FFFFFF',0,'000000','P'),
(12,12,'Times New Roman',70,'111111',16,'FFFFF0',1,'222222','C'),
(13,13,'Calibri',60,'222222',20,'000000',0,'111111','E'),
(14,14,'Verdana',85,'333333',17,'FAFAFA',1,'333333','P'),
(15,15,'Georgia',50,'444444',19,'FFFFFF',0,'444444','C'),
(16,16,'Arial',90,'000000',18,'FFFFFF',0,'000000','P'),
(17,17,'Tahoma',40,'555555',15,'F0F0F0',1,'555555','E'),
(18,18,'Helvetica',75,'666666',21,'000000',0,'666666','P'),
(19,19,'Courier New',30,'777777',14,'FFFFFF',1,'777777','C'),
(20,20,'Palatino',65,'888888',20,'FFFFF0',0,'888888','P'),
(21,21,'Arial',80,'000000',18,'FFFFFF',0,'000000','P'),
(22,22,'Times New Roman',70,'111111',16,'FFFFF0',1,'222222','C'),
(23,23,'Calibri',60,'222222',20,'000000',0,'111111','E'),
(24,24,'Verdana',85,'333333',17,'FAFAFA',1,'333333','P'),
(25,25,'Georgia',50,'444444',19,'FFFFFF',0,'444444','C'),
(26,26,'Arial',90,'000000',18,'FFFFFF',0,'000000','P'),
(27,27,'Tahoma',40,'555555',15,'F0F0F0',1,'555555','E'),
(28,28,'Helvetica',75,'666666',21,'000000',0,'666666','P'),
(29,29,'Courier New',30,'777777',14,'FFFFFF',1,'777777','C'),
(30,30,'Palatino',65,'888888',20,'FFFFF0',0,'888888','P'),
(31,31,'Arial',80,'000000',18,'FFFFFF',0,'000000','P'),
(32,32,'Times New Roman',70,'111111',16,'FFFFF0',1,'222222','C'),
(33,33,'Calibri',60,'222222',20,'000000',0,'111111','E'),
(34,34,'Verdana',85,'333333',17,'FAFAFA',1,'333333','P'),
(35,35,'Georgia',50,'444444',19,'FFFFFF',0,'444444','C'),
(36,36,'Arial',90,'000000',18,'FFFFFF',0,'000000','P'),
(37,37,'Tahoma',40,'555555',15,'F0F0F0',1,'555555','E'),
(38,38,'Helvetica',75,'666666',21,'000000',0,'666666','P'),
(39,39,'Courier New',30,'777777',14,'FFFFFF',1,'777777','C'),
(40,40,'Palatino',65,'888888',20,'FFFFF0',0,'888888','P'),
(41,41,'Arial',80,'000000',18,'FFFFFF',0,'000000','P'),
(42,42,'Times New Roman',70,'111111',16,'FFFFF0',1,'222222','C'),
(43,43,'Calibri',60,'222222',20,'000000',0,'111111','E'),
(44,44,'Verdana',85,'333333',17,'FAFAFA',1,'333333','P'),
(45,45,'Georgia',50,'444444',19,'FFFFFF',0,'444444','C'),
(46,46,'Arial',90,'000000',18,'FFFFFF',0,'000000','P'),
(47,47,'Tahoma',40,'555555',15,'F0F0F0',1,'555555','E'),
(48,48,'Helvetica',75,'666666',21,'000000',0,'666666','P'),
(49,49,'Courier New',30,'777777',14,'FFFFFF',1,'777777','C'),
(50,50,'Palatino',65,'888888',20,'FFFFF0',0,'888888','P'),
(51,51,'Arial',80,'000000',18,'FFFFFF',0,'000000','P'),
(52,52,'Times New Roman',70,'111111',16,'FFFFF0',1,'222222','C'),
(53,53,'Calibri',60,'222222',20,'000000',0,'111111','E'),
(54,54,'Verdana',85,'333333',17,'FAFAFA',1,'333333','P'),
(55,55,'Georgia',50,'444444',19,'FFFFFF',0,'444444','C'),
(56,56,'Arial',90,'000000',18,'FFFFFF',0,'000000','P'),
(57,57,'Tahoma',40,'555555',15,'F0F0F0',1,'555555','E'),
(58,58,'Helvetica',75,'666666',21,'000000',0,'666666','P'),
(59,59,'Courier New',30,'777777',14,'FFFFFF',1,'777777','C'),
(60,60,'Palatino',65,'888888',20,'FFFFF0',0,'888888','P'),
(61,61,'Arial',80,'000000',18,'FFFFFF',0,'000000','P'),
(62,62,'Times New Roman',70,'111111',16,'FFFFF0',1,'222222','C'),
(63,63,'Calibri',60,'222222',20,'000000',0,'111111','E'),
(64,64,'Verdana',85,'333333',17,'FAFAFA',1,'333333','P'),
(65,65,'Georgia',50,'444444',19,'FFFFFF',0,'444444','C'),
(66,66,'Arial',90,'000000',18,'FFFFFF',0,'000000','P'),
(67,67,'Tahoma',40,'555555',15,'F0F0F0',1,'555555','E'),
(68,68,'Helvetica',75,'666666',21,'000000',0,'666666','P'),
(69,69,'Courier New',30,'777777',14,'FFFFFF',1,'777777','C'),
(70,70,'Palatino',65,'888888',20,'FFFFF0',0,'888888','P'),
(71,71,'Arial',80,'000000',18,'FFFFFF',0,'000000','P'),
(72,72,'Times New Roman',70,'111111',16,'FFFFF0',1,'222222','C'),
(73,73,'Calibri',60,'222222',20,'000000',0,'111111','E'),
(74,74,'Verdana',85,'333333',17,'FAFAFA',1,'333333','P'),
(75,75,'Georgia',50,'444444',19,'FFFFFF',0,'444444','C'),
(76,76,'Arial',90,'000000',18,'FFFFFF',0,'000000','P'),
(77,77,'Tahoma',40,'555555',15,'F0F0F0',1,'555555','E'),
(78,78,'Helvetica',75,'666666',21,'000000',0,'666666','P'),
(79,79,'Courier New',30,'777777',14,'FFFFFF',1,'777777','C'),
(80,80,'Palatino',65,'888888',20,'FFFFF0',0,'888888','P'),
(81,81,'Arial',80,'000000',18,'FFFFFF',0,'000000','P'),
(82,82,'Times New Roman',70,'111111',16,'FFFFF0',1,'222222','C'),
(83,83,'Calibri',60,'222222',20,'000000',0,'111111','E'),
(84,84,'Verdana',85,'333333',17,'FAFAFA',1,'333333','P'),
(85,85,'Georgia',50,'444444',19,'FFFFFF',0,'444444','C'),
(86,86,'Arial',90,'000000',18,'FFFFFF',0,'000000','P'),
(87,87,'Tahoma',40,'555555',15,'F0F0F0',1,'555555','E'),
(88,88,'Helvetica',75,'666666',21,'000000',0,'666666','P'),
(89,89,'Courier New',30,'777777',14,'FFFFFF',1,'777777','C'),
(90,90,'Palatino',65,'888888',20,'FFFFF0',0,'888888','P'),
(91,91,'Arial',80,'000000',18,'FFFFFF',0,'000000','P'),
(92,92,'Times New Roman',70,'111111',16,'FFFFF0',1,'222222','C'),
(93,93,'Calibri',60,'222222',20,'000000',0,'111111','E'),
(94,94,'Verdana',85,'333333',17,'FAFAFA',1,'333333','P'),
(95,95,'Georgia',50,'444444',19,'FFFFFF',0,'444444','C'),
(96,96,'Arial',90,'000000',18,'FFFFFF',0,'000000','P'),
(97,97,'Tahoma',40,'555555',15,'F0F0F0',1,'555555','E'),
(98,98,'Helvetica',75,'666666',21,'000000',0,'666666','P'),
(99,99,'Courier New',30,'777777',14,'FFFFFF',1,'777777','C'),
(100,100,'Palatino',65,'888888',20,'FFFFF0',0,'888888','P');

-- =============
-- BIBLIOTECA (100) — associando usuário i ao livro i
-- st_livro IN ('L','F','A'), tp_favorito 0/1, vr_tempo_lido TIME, dt_adicao DATETIME
-- =============
-- Inserção de 100 registros em T_BIBLIOTECA com datas aleatórias entre 2023-01-01 e hoje

INSERT INTO T_BIBLIOTECA (cd_livro, cd_usuario, vr_tempo_lido, st_livro, tp_favorito, dt_adicao)
VALUES
(1,37,'00:45:00','L',1,DATEADD(DAY,-ABS(CHECKSUM(NEWID())) % 700,GETDATE())),
(2,84,'02:10:00','F',0,DATEADD(DAY,-ABS(CHECKSUM(NEWID())) % 700,GETDATE())),
(3,12,'00:20:00','A',0,DATEADD(DAY,-ABS(CHECKSUM(NEWID())) % 700,GETDATE())),
(4,55,'15:30:00','F',1,DATEADD(DAY,-ABS(CHECKSUM(NEWID())) % 700,GETDATE())),
(5,3,'01:40:00','L',0,DATEADD(DAY,-ABS(CHECKSUM(NEWID())) % 700,GETDATE())),
(6,91,'03:00:00','F',1,DATEADD(DAY,-ABS(CHECKSUM(NEWID())) % 700,GETDATE())),
(7,44,'00:10:00','L',0,DATEADD(DAY,-ABS(CHECKSUM(NEWID())) % 700,GETDATE())),
(8,19,'06:00:00','F',1,DATEADD(DAY,-ABS(CHECKSUM(NEWID())) % 700,GETDATE())),
(9,73,'00:55:00','A',0,DATEADD(DAY,-ABS(CHECKSUM(NEWID())) % 700,GETDATE())),
(10,11,'04:20:00','F',1,DATEADD(DAY,-ABS(CHECKSUM(NEWID())) % 700,GETDATE())),
(11,66,'01:15:00','L',0,DATEADD(DAY,-ABS(CHECKSUM(NEWID())) % 700,GETDATE())),
(12,2,'02:00:00','F',1,DATEADD(DAY,-ABS(CHECKSUM(NEWID())) % 700,GETDATE())),
(13,98,'10:00:00','F',1,DATEADD(DAY,-ABS(CHECKSUM(NEWID())) % 700,GETDATE())),
(14,41,'00:30:00','L',0,DATEADD(DAY,-ABS(CHECKSUM(NEWID())) % 700,GETDATE())),
(15,57,'00:50:00','A',0,DATEADD(DAY,-ABS(CHECKSUM(NEWID())) % 700,GETDATE())),
(16,28,'07:45:00','F',1,DATEADD(DAY,-ABS(CHECKSUM(NEWID())) % 700,GETDATE())),
(17,90,'00:05:00','L',0,DATEADD(DAY,-ABS(CHECKSUM(NEWID())) % 700,GETDATE())),
(18,14,'00:40:00','A',0,DATEADD(DAY,-ABS(CHECKSUM(NEWID())) % 700,GETDATE())),
(19,76,'08:20:00','F',1,DATEADD(DAY,-ABS(CHECKSUM(NEWID())) % 700,GETDATE())),
(20,22,'03:33:00','L',0,DATEADD(DAY,-ABS(CHECKSUM(NEWID())) % 700,GETDATE())),
(21,94,'01:00:00','F',1,DATEADD(DAY,-ABS(CHECKSUM(NEWID())) % 700,GETDATE())),
(22,5,'00:25:00','L',0,DATEADD(DAY,-ABS(CHECKSUM(NEWID())) % 700,GETDATE())),
(23,47,'02:30:00','F',1,DATEADD(DAY,-ABS(CHECKSUM(NEWID())) % 700,GETDATE())),
(24,71,'06:10:00','F',0,DATEADD(DAY,-ABS(CHECKSUM(NEWID())) % 700,GETDATE())),
(25,17,'00:55:00','L',1,DATEADD(DAY,-ABS(CHECKSUM(NEWID())) % 700,GETDATE())),
(26,82,'03:15:00','F',0,DATEADD(DAY,-ABS(CHECKSUM(NEWID())) % 700,GETDATE())),
(27,39,'00:12:00','A',0,DATEADD(DAY,-ABS(CHECKSUM(NEWID())) % 700,GETDATE())),
(28,53,'01:05:00','L',1,DATEADD(DAY,-ABS(CHECKSUM(NEWID())) % 700,GETDATE())),
(29,6,'10:20:00','F',1,DATEADD(DAY,-ABS(CHECKSUM(NEWID())) % 700,GETDATE())),
(30,25,'04:00:00','F',0,DATEADD(DAY,-ABS(CHECKSUM(NEWID())) % 700,GETDATE())),
(31,79,'00:35:00','L',0,DATEADD(DAY,-ABS(CHECKSUM(NEWID())) % 700,GETDATE())),
(32,32,'02:22:00','F',1,DATEADD(DAY,-ABS(CHECKSUM(NEWID())) % 700,GETDATE())),
(33,63,'05:45:00','F',1,DATEADD(DAY,-ABS(CHECKSUM(NEWID())) % 700,GETDATE())),
(34,1,'00:18:00','A',0,DATEADD(DAY,-ABS(CHECKSUM(NEWID())) % 700,GETDATE())),
(35,45,'09:10:00','F',1,DATEADD(DAY,-ABS(CHECKSUM(NEWID())) % 700,GETDATE())),
(36,16,'01:50:00','L',0,DATEADD(DAY,-ABS(CHECKSUM(NEWID())) % 700,GETDATE())),
(37,52,'12:00:00','F',1,DATEADD(DAY,-ABS(CHECKSUM(NEWID())) % 700,GETDATE())),
(38,8,'00:14:00','L',0,DATEADD(DAY,-ABS(CHECKSUM(NEWID())) % 700,GETDATE())),
(39,35,'03:05:00','F',1,DATEADD(DAY,-ABS(CHECKSUM(NEWID())) % 700,GETDATE())),
(40,50,'00:48:00','A',0,DATEADD(DAY,-ABS(CHECKSUM(NEWID())) % 700,GETDATE())),
(41,69,'02:12:00','F',1,DATEADD(DAY,-ABS(CHECKSUM(NEWID())) % 700,GETDATE())),
(42,26,'00:20:00','L',0,DATEADD(DAY,-ABS(CHECKSUM(NEWID())) % 700,GETDATE())),
(43,83,'01:25:00','A',0,DATEADD(DAY,-ABS(CHECKSUM(NEWID())) % 700,GETDATE())),
(44,10,'08:40:00','F',1,DATEADD(DAY,-ABS(CHECKSUM(NEWID())) % 700,GETDATE())),
(45,59,'00:30:00','L',0,DATEADD(DAY,-ABS(CHECKSUM(NEWID())) % 700,GETDATE())),
(46,4,'02:50:00','F',1,DATEADD(DAY,-ABS(CHECKSUM(NEWID())) % 700,GETDATE())),
(47,13,'00:10:00','L',0,DATEADD(DAY,-ABS(CHECKSUM(NEWID())) % 700,GETDATE())),
(48,96,'05:00:00','F',1,DATEADD(DAY,-ABS(CHECKSUM(NEWID())) % 700,GETDATE())),
(49,54,'00:22:00','A',0,DATEADD(DAY,-ABS(CHECKSUM(NEWID())) % 700,GETDATE())),
(50,70,'04:44:00','F',1,DATEADD(DAY,-ABS(CHECKSUM(NEWID())) % 700,GETDATE())),
(51,24,'01:11:00','L',0,DATEADD(DAY,-ABS(CHECKSUM(NEWID())) % 700,GETDATE())),
(52,80,'03:03:00','F',1,DATEADD(DAY,-ABS(CHECKSUM(NEWID())) % 700,GETDATE())),
(53,60,'00:29:00','A',0,DATEADD(DAY,-ABS(CHECKSUM(NEWID())) % 700,GETDATE())),
(54,51,'06:12:00','F',1,DATEADD(DAY,-ABS(CHECKSUM(NEWID())) % 700,GETDATE())),
(55,7,'00:47:00','L',0,DATEADD(DAY,-ABS(CHECKSUM(NEWID())) % 700,GETDATE())),
(56,75,'02:25:00','F',1,DATEADD(DAY,-ABS(CHECKSUM(NEWID())) % 700,GETDATE())),
(57,100,'00:19:00','L',0,DATEADD(DAY,-ABS(CHECKSUM(NEWID())) % 700,GETDATE())),
(58,15,'09:30:00','F',1,DATEADD(DAY,-ABS(CHECKSUM(NEWID())) % 700,GETDATE())),
(59,93,'00:16:00','A',0,DATEADD(DAY,-ABS(CHECKSUM(NEWID())) % 700,GETDATE())),
(60,40,'05:50:00','F',1,DATEADD(DAY,-ABS(CHECKSUM(NEWID())) % 700,GETDATE())),
(61,77,'01:45:00','L',0,DATEADD(DAY,-ABS(CHECKSUM(NEWID())) % 700,GETDATE())),
(62,9,'02:05:00','F',1,DATEADD(DAY,-ABS(CHECKSUM(NEWID())) % 700,GETDATE())),
(63,29,'00:33:00','A',0,DATEADD(DAY,-ABS(CHECKSUM(NEWID())) % 700,GETDATE())),
(64,46,'04:14:00','F',1,DATEADD(DAY,-ABS(CHECKSUM(NEWID())) % 700,GETDATE())),
(65,85,'00:27:00','L',0,DATEADD(DAY,-ABS(CHECKSUM(NEWID())) % 700,GETDATE())),
(66,18,'03:33:00','F',1,DATEADD(DAY,-ABS(CHECKSUM(NEWID())) % 700,GETDATE())),
(67,20,'00:09:00','A',0,DATEADD(DAY,-ABS(CHECKSUM(NEWID())) % 700,GETDATE())),
(68,61,'07:07:00','F',1,DATEADD(DAY,-ABS(CHECKSUM(NEWID())) % 700,GETDATE())),
(69,74,'00:36:00','L',0,DATEADD(DAY,-ABS(CHECKSUM(NEWID())) % 700,GETDATE())),
(70,23,'02:58:00','F',1,DATEADD(DAY,-ABS(CHECKSUM(NEWID())) % 700,GETDATE())),
(71,68,'00:21:00','A',0,DATEADD(DAY,-ABS(CHECKSUM(NEWID())) % 700,GETDATE())),
(72,36,'06:30:00','F',1,DATEADD(DAY,-ABS(CHECKSUM(NEWID())) % 700,GETDATE())),
(73,62,'03:03:00','F',1,DATEADD(DAY,-ABS(CHECKSUM(NEWID())) % 700,GETDATE())),
(74,21,'00:44:00','L',0,DATEADD(DAY,-ABS(CHECKSUM(NEWID())) % 700,GETDATE())),
(75,30,'01:59:00','F',1,DATEADD(DAY,-ABS(CHECKSUM(NEWID())) % 700,GETDATE())),
(76,81,'00:26:00','A',0,DATEADD(DAY,-ABS(CHECKSUM(NEWID())) % 700,GETDATE())),
(77,27,'04:04:00','F',1,DATEADD(DAY,-ABS(CHECKSUM(NEWID())) % 700,GETDATE())),
(78,99,'00:13:00','L',0,DATEADD(DAY,-ABS(CHECKSUM(NEWID())) % 700,GETDATE())),
(79,43,'05:55:00','F',1,DATEADD(DAY,-ABS(CHECKSUM(NEWID())) % 700,GETDATE())),
(80,49,'00:38:00','A',0,DATEADD(DAY,-ABS(CHECKSUM(NEWID())) % 700,GETDATE())),
(81,72,'02:20:00','F',1,DATEADD(DAY,-ABS(CHECKSUM(NEWID())) % 700,GETDATE())),
(82,31,'00:24:00','L',0,DATEADD(DAY,-ABS(CHECKSUM(NEWID())) % 700,GETDATE())),
(83,48,'03:12:00','F',1,DATEADD(DAY,-ABS(CHECKSUM(NEWID())) % 700,GETDATE())),
(84,56,'00:17:00','A',0,DATEADD(DAY,-ABS(CHECKSUM(NEWID())) % 700,GETDATE())),
(85,97,'07:45:00','F',1,DATEADD(DAY,-ABS(CHECKSUM(NEWID())) % 700,GETDATE())),
(86,33,'00:11:00','L',0,DATEADD(DAY,-ABS(CHECKSUM(NEWID())) % 700,GETDATE())),
(87,64,'02:02:00','F',1,DATEADD(DAY,-ABS(CHECKSUM(NEWID())) % 700,GETDATE())),
(88,42,'00:39:00','A',0,DATEADD(DAY,-ABS(CHECKSUM(NEWID())) % 700,GETDATE())),
(89,58,'01:30:00','F',1,DATEADD(DAY,-ABS(CHECKSUM(NEWID())) % 700,GETDATE())),
(90,92,'00:58:00','L',0,DATEADD(DAY,-ABS(CHECKSUM(NEWID())) % 700,GETDATE())),
(91,67,'03:33:00','F',1,DATEADD(DAY,-ABS(CHECKSUM(NEWID())) % 700,GETDATE())),
(92,86,'00:15:00','L',0,DATEADD(DAY,-ABS(CHECKSUM(NEWID())) % 700,GETDATE())),
(93,34,'04:44:00','F',1,DATEADD(DAY,-ABS(CHECKSUM(NEWID())) % 700,GETDATE())),
(94,88,'00:28:00','A',0,DATEADD(DAY,-ABS(CHECKSUM(NEWID())) % 700,GETDATE())),
(95,78,'05:05:00','F',1,DATEADD(DAY,-ABS(CHECKSUM(NEWID())) % 700,GETDATE())),
(96,38,'00:32:00','L',0,DATEADD(DAY,-ABS(CHECKSUM(NEWID())) % 700,GETDATE())),
(97,95,'02:46:00','F',1,DATEADD(DAY,-ABS(CHECKSUM(NEWID())) % 700,GETDATE())),
(98,65,'00:23:00','A',0,DATEADD(DAY,-ABS(CHECKSUM(NEWID())) % 700,GETDATE())),
(99,89,'06:06:00','F',1,DATEADD(DAY,-ABS(CHECKSUM(NEWID())) % 700,GETDATE())),
(100,93,'00:37:00','L',0,DATEADD(DAY,-ABS(CHECKSUM(NEWID())) % 700,GETDATE()));